{
  "eye": {
    "orientation": [
      0.0023629027418792248,
      -0.0017051069298759103,
      -0.0015731228049844503,
      0.9999945759773254
    ],
    "magnitude": 0.5773502588272095,
    "position": [
      634.5776977539062,
      352.5107116699219,
      1886.4156494140625
    ]
  },
  "radius": 793.2212524414062,
  "type": "PERSPECTIVE"
}