{
  "eye": {
    "orientation": [
      -0.5692169666290283,
      -0.019055353477597237,
      -0.014104409143328667,
      0.8218454718589783
    ],
    "magnitude": 1,
    "position": [
      -3.0447657108306885,
      187.24493408203125,
      70.21450805664062
    ]
  },
  "radius": 200,
  "type": "ORTHOGRAPHIC"
}