{
  "eye": {
    "orientation": [
      -6.599788903258741E-4,
      -0.4610449969768524,
      -0.05763190612196922,
      -0.8855029940605164
    ],
    "magnitude": 0.6618801951408386,
    "position": [
      -945.332275390625,
      773.384765625,
      -871.2003784179688
    ]
  },
  "radius": 793.2212524414062,
  "type": "PERSPECTIVE"
}