{
  "eye": {
    "orientation": [
      0.010941027663648129,
      -0.1719736009836197,
      0.008392133750021458,
      -0.9850050806999207
    ],
    "magnitude": 0.6449742317199707,
    "position": [
      -286.299560546875,
      742.543212890625,
      -1253.970947265625
    ]
  },
  "radius": 793.2212524414062,
  "type": "PERSPECTIVE"
}