{
  "eye": {
    "orientation": [
      0.7383711338043213,
      0.07971152663230896,
      -0.03987995907664299,
      -0.6684787273406982
    ],
    "magnitude": 1,
    "position": [
      175,
      -7,
      0
    ]
  },
  "radius": 200,
  "type": "ORTHOGRAPHIC"
}