{
  "eye": {
    "orientation": [
      0.6405845880508423,
      -0.696609616279602,
      0.18273364007472992,
      0.2664487361907959
    ],
    "magnitude": 1,
    "position": [
      106,
      106,
      0
    ]
  },
  "radius": 200,
  "type": "ORTHOGRAPHIC"
}